removed_governance_metric,comparison,wilcoxon_statistic,p_value,mean_abs_error_full_model,mean_abs_error_ablated_model,delta_mean_abs_error_after_removal
panel_traceability_index_0_1,absolute_probability_error_full_model_vs_ablated_model,5806.0,0.48822403400336434,0.13206655815898463,0.132527294721336,0.00046073656235137705
panel_interpretability_index_0_1,absolute_probability_error_full_model_vs_ablated_model,6298.0,0.8088433531711099,0.13206655815898463,0.1325546336365475,0.00048807547756285485
panel_audit_readiness_index_0_1,absolute_probability_error_full_model_vs_ablated_model,6282.5,0.8939744954017695,0.13206655815898463,0.13139537557108927,-0.0006711825878953637
panel_governance_alignment_index_0_1,absolute_probability_error_full_model_vs_ablated_model,4684.0,0.010892147496940103,0.13206655815898463,0.1335152893313086,0.0014487311723239693
panel_risk_signal_completeness_0_1,absolute_probability_error_full_model_vs_ablated_model,5859.0,0.6404163640680314,0.13206655815898463,0.1312257703591298,-0.0008407877998548308
panel_temporal_support_index_0_1,absolute_probability_error_full_model_vs_ablated_model,5425.0,0.3277830675332487,0.13206655815898463,0.1327846122079013,0.000718054048916672
panel_decision_usability_index_0_1,absolute_probability_error_full_model_vs_ablated_model,5585.0,0.22728268720729294,0.13206655815898463,0.1342568926740505,0.002190334515065867
panel_interpretability_score_1_5,absolute_probability_error_full_model_vs_ablated_model,5501.0,0.4000702854136974,0.13206655815898463,0.13115020565214472,-0.0009163525068399125
panel_decision_usability_score_1_5,absolute_probability_error_full_model_vs_ablated_model,5040.0,0.07258854076802389,0.13206655815898463,0.13438920299214097,0.0023226448331563343
