added_governance_metric,comparison,wilcoxon_statistic,p_value,mean_abs_error_baseline,mean_abs_error_metric_model,delta_mean_abs_error
panel_traceability_index_0_1,absolute_probability_error_vs_baseline,5680.0,0.29719522984478,0.14732199277224023,0.14464658182046108,-0.0026754109517791447
panel_interpretability_index_0_1,absolute_probability_error_vs_baseline,6356.5,0.8868785344531285,0.14732199277224023,0.14612062379047977,-0.001201368981760459
panel_audit_readiness_index_0_1,absolute_probability_error_vs_baseline,4676.0,0.010458210393978297,0.14732199277224023,0.1496346471881854,0.0023126544159451645
panel_governance_alignment_index_0_1,absolute_probability_error_vs_baseline,4876.0,0.027354659400850686,0.14732199277224023,0.14027985656391434,-0.007042136208325889
panel_risk_signal_completeness_0_1,absolute_probability_error_vs_baseline,5868.0,0.2707556440972766,0.14732199277224023,0.147861233843249,0.000539241071008778
panel_temporal_support_index_0_1,absolute_probability_error_vs_baseline,6106.0,0.5693429376509354,0.14732199277224023,0.14722549479693509,-9.649797530514315e-05
panel_decision_usability_index_0_1,absolute_probability_error_vs_baseline,4961.5,0.02976728938737874,0.14732199277224023,0.14050122075122348,-0.006820772021016747
panel_interpretability_score_1_5,absolute_probability_error_vs_baseline,6356.5,0.8868785344531285,0.14732199277224023,0.14612062379047977,-0.001201368981760459
panel_decision_usability_score_1_5,absolute_probability_error_vs_baseline,4961.5,0.02976728938737874,0.14732199277224023,0.1405012207512235,-0.006820772021016719
